gene,base_mean,log2fc,lfc_se,stat,pvalue,padj
CA2,837.25,-0.79,0.09,-8.84,9.31E-19,1.85E-14
SRGN,326.13,1.33,0.16,8.19,2.61E-16,2.60E-12
LCE1A,372.80,1.29,0.17,7.62,2.58E-14,1.34E-10
THY1,348.68,0.70,0.09,7.61,2.70E-14,1.34E-10
C3,2015.74,0.92,0.12,7.58,3.41E-14,1.36E-10
ALDH1A3,461.40,0.76,0.10,7.55,4.32E-14,1.43E-10
MAP2K6,379.35,-0.55,0.08,-7.38,1.59E-13,4.53E-10
LCE1B,618.10,1.10,0.15,7.34,2.06E-13,5.13E-10
TIMP1,235.00,0.59,0.08,7.09,1.32E-12,2.93E-09
PFKP,1091.50,0.73,0.10,7.01,2.31E-12,4.60E-09
NNMT,468.90,1.24,0.18,6.97,3.13E-12,5.66E-09
OSMR,1799.86,0.61,0.09,6.94,3.90E-12,6.46E-09
LCE1C,860.91,1.07,0.16,6.91,4.96E-12,7.05E-09
SOX9,6248.75,-0.50,0.07,-6.91,4.83E-12,7.05E-09
MET,914.35,0.59,0.09,6.88,5.96E-12,7.90E-09
VEGFA,2880.15,0.73,0.11,6.69,2.22E-11,2.60E-08
LCE1E,181.80,1.29,0.19,6.68,2.42E-11,2.67E-08
BHLHE22,148.30,-1.22,0.18,-6.67,2.58E-11,2.71E-08
RASD1,706.69,-0.66,0.10,-6.65,2.88E-11,2.87E-08
ERO1A,2542.63,0.61,0.09,6.61,3.90E-11,3.52E-08
GFPT2,174.77,1.02,0.15,6.61,3.78E-11,3.52E-08
SFRP2,252.21,1.15,0.18,6.53,6.65E-11,5.64E-08
ARG1,997.63,0.75,0.12,6.51,7.74E-11,6.16E-08
FREM2,1085.60,-0.63,0.10,-6.49,8.46E-11,6.47E-08
HOXC10,85.40,-1.19,0.18,-6.45,1.14E-10,8.12E-08
NPNT,700.56,-0.86,0.13,-6.36,1.96E-10,1.26E-07
MEDAG,124.88,1.69,0.27,6.35,2.13E-10,1.33E-07
ADCYAP1,89.76,1.67,0.26,6.35,2.21E-10,1.33E-07
RNF223,157.30,0.79,0.12,6.33,2.42E-10,1.41E-07
HMOX1,1060.57,0.72,0.11,6.33,2.49E-10,1.42E-07
PTPRZ1,1883.54,-0.55,0.09,-6.32,2.70E-10,1.45E-07
SOX18,84.39,-1.11,0.18,-6.32,2.65E-10,1.45E-07
SOSTDC1,1211.24,-0.90,0.15,-6.24,4.38E-10,2.23E-07
HOXC11,54.21,-1.09,0.18,-6.18,6.30E-10,3.13E-07
DACH1,1411.92,-0.83,0.13,-6.17,6.94E-10,3.37E-07
PPFIA4,551.26,1.05,0.17,6.16,7.12E-10,3.37E-07
DENND3,817.22,0.70,0.11,6.15,7.51E-10,3.44E-07
PTX3,22.10,2.68,0.44,6.15,7.60E-10,3.44E-07
SAMD4A,1132.29,0.87,0.14,6.12,9.11E-10,4.03E-07
ECM1,561.10,0.71,0.12,6.08,1.24E-09,5.24E-07
TMEM144,383.61,-0.57,0.09,-6.08,1.23E-09,5.24E-07
MT1M,26.78,2.06,0.34,6.06,1.36E-09,5.66E-07
PTGDS,679.99,0.87,0.14,6.03,1.61E-09,6.53E-07
IL6R,772.67,0.60,0.10,6.03,1.66E-09,6.61E-07
PCDH11X,214.82,-0.78,0.13,-6.00,1.96E-09,7.64E-07
SDCBP2,997.69,0.61,0.10,5.97,2.34E-09,8.62E-07
ARG2,122.94,0.63,0.11,5.93,3.07E-09,1.11E-06
NAMPTP1,101.97,0.72,0.12,5.93,3.12E-09,1.11E-06
FAM107A,309.66,0.63,0.11,5.91,3.43E-09,1.20E-06
C1R,352.61,0.87,0.15,5.88,4.10E-09,1.38E-06
AOX1,270.20,0.79,0.13,5.87,4.43E-09,1.42E-06
FLG,121454.25,0.65,0.11,5.85,4.84E-09,1.53E-06
EPOP,138.05,1.19,0.20,5.84,5.32E-09,1.65E-06
CTNND2,987.81,-0.75,0.13,-5.80,6.54E-09,2.00E-06
PRSS8,2311.02,0.50,0.09,5.75,9.00E-09,2.63E-06
BACH2,945.53,0.80,0.14,5.74,9.64E-09,2.75E-06
DEPTOR,360.09,-0.61,0.11,-5.74,9.67E-09,2.75E-06
TP73,518.28,-0.73,0.13,-5.73,1.01E-08,2.83E-06
TGFB2,632.21,-0.99,0.17,-5.71,1.16E-08,3.20E-06
SLC26A7,127.96,-0.69,0.12,-5.70,1.23E-08,3.35E-06
IL1RL1,270.92,0.92,0.16,5.69,1.30E-08,3.45E-06
ARHGAP28,1950.69,-0.54,0.10,-5.66,1.54E-08,4.04E-06
LCE5A,89.52,1.40,0.25,5.65,1.63E-08,4.21E-06
LHX2,735.16,-0.85,0.15,-5.64,1.70E-08,4.29E-06
LCE2D,197.33,1.40,0.25,5.62,1.86E-08,4.62E-06
VSNL1,1182.34,-0.51,0.09,-5.59,2.27E-08,5.50E-06
HRH1,270.87,0.66,0.12,5.57,2.54E-08,6.09E-06
CELF2,749.19,0.54,0.10,5.57,2.59E-08,6.13E-06
PPP1R16B,159.19,0.60,0.11,5.56,2.69E-08,6.29E-06
TRIL,853.41,-0.51,0.09,-5.53,3.14E-08,6.95E-06
TEDC1,281.57,-0.91,0.16,-5.51,3.53E-08,7.72E-06
IRAK3,827.77,0.64,0.12,5.48,4.16E-08,8.62E-06
CLDN8,279.97,-0.86,0.16,-5.47,4.51E-08,9.16E-06
PDE4A,138.50,0.67,0.12,5.46,4.81E-08,9.43E-06
TRPM6,1078.41,-0.63,0.11,-5.46,4.81E-08,9.43E-06
PCDHGA7,147.96,-0.55,0.10,-5.44,5.39E-08,1.01E-05
RNASE7,411.60,1.07,0.20,5.40,6.85E-08,1.25E-05
BIRC3,818.54,0.93,0.17,5.39,7.14E-08,1.29E-05
CYP1B1,2740.57,-0.73,0.14,-5.36,8.32E-08,1.49E-05
ELMOD1,553.46,0.51,0.10,5.35,8.69E-08,1.52E-05
NAMPT,3654.94,0.68,0.13,5.35,8.62E-08,1.52E-05
STK10,1070.77,0.52,0.10,5.35,8.62E-08,1.52E-05
SGIP1,210.58,0.63,0.12,5.35,8.84E-08,1.53E-05
KRT17P2,107.83,-0.67,0.13,-5.31,1.09E-07,1.88E-05
DPP10,134.82,-0.68,0.13,-5.29,1.23E-07,2.08E-05
SAMD9,784.73,-0.69,0.13,-5.27,1.38E-07,2.29E-05
SLC25A48,236.60,-0.65,0.12,-5.26,1.45E-07,2.37E-05
ABCC3,1434.86,0.79,0.15,5.24,1.64E-07,2.66E-05
PRRX2,202.33,0.55,0.10,5.20,1.96E-07,3.09E-05
ART3,103.19,-0.69,0.13,-5.19,2.07E-07,3.17E-05
ZDHHC11B,274.32,0.59,0.11,5.19,2.11E-07,3.20E-05
CA12,3697.75,0.53,0.10,5.17,2.32E-07,3.47E-05
ENO2,246.18,0.54,0.11,5.17,2.40E-07,3.51E-05
SYTL3,176.05,0.80,0.16,5.16,2.50E-07,3.64E-05
TRIB3,156.38,0.72,0.14,5.15,2.61E-07,3.70E-05
TMEM40,1239.62,0.53,0.10,5.15,2.63E-07,3.71E-05
HDC,99.93,1.18,0.23,5.14,2.75E-07,3.82E-05
NCCRP1,2600.50,0.64,0.13,5.13,2.85E-07,3.88E-05
AC254813.1,136.21,0.65,0.13,5.12,3.07E-07,4.10E-05
C1orf68,508.58,0.92,0.18,5.10,3.36E-07,4.42E-05
KCNH1,118.99,-0.53,0.10,-5.10,3.41E-07,4.44E-05
KPRP,2249.51,1.19,0.23,5.10,3.48E-07,4.44E-05
SLA,322.46,0.83,0.16,5.09,3.51E-07,4.45E-05
COCH,318.36,-0.90,0.18,-5.09,3.59E-07,4.53E-05
IL18R1,230.73,0.76,0.15,5.08,3.82E-07,4.75E-05
BARX2,2378.28,-0.54,0.11,-5.07,3.89E-07,4.80E-05
LMX1B,226.65,-0.62,0.12,-5.06,4.15E-07,4.98E-05
NDRG1,12009.81,0.62,0.12,5.06,4.15E-07,4.98E-05
TACC1,2377.37,0.53,0.10,5.06,4.15E-07,4.98E-05
PFKFB3,2554.28,0.64,0.13,5.05,4.33E-07,5.13E-05
CRCT1,1105.91,0.70,0.14,5.03,4.83E-07,5.59E-05
LAPTM5,400.08,0.80,0.16,5.03,4.83E-07,5.59E-05
ATP10A,297.65,0.59,0.12,5.03,5.00E-07,5.75E-05
ST3GAL1,670.01,0.52,0.10,5.01,5.37E-07,6.14E-05
LCE1D,93.75,1.14,0.23,5.01,5.41E-07,6.15E-05
SHISA2,850.34,-0.88,0.18,-5.01,5.46E-07,6.18E-05
MT1A,25.51,3.15,0.63,5.00,5.61E-07,6.30E-05
CP,154.71,0.67,0.13,5.00,5.75E-07,6.39E-05
ASPHD2,156.92,0.75,0.15,4.99,5.93E-07,6.43E-05
LCE2A,193.82,1.27,0.25,4.99,5.90E-07,6.43E-05
PDZRN3,5709.11,-0.71,0.14,-4.99,5.93E-07,6.43E-05
AC129492.6,199.51,1.06,0.21,4.97,6.75E-07,7.23E-05
MAMDC2,544.56,-0.66,0.13,-4.97,6.82E-07,7.26E-05
C7,127.67,1.05,0.21,4.96,6.93E-07,7.33E-05
GPC5,58.99,-0.73,0.15,-4.96,7.01E-07,7.36E-05
LCE2B,506.78,1.32,0.27,4.96,7.03E-07,7.36E-05
CD53,141.94,0.85,0.17,4.95,7.24E-07,7.55E-05
HOXB3,66.09,-0.80,0.16,-4.94,7.67E-07,7.95E-05
PTPRT,341.01,-0.51,0.10,-4.94,7.83E-07,8.07E-05
GRIA4,136.79,-0.72,0.14,-4.93,8.15E-07,8.28E-05
PHYHIPL,97.81,-0.78,0.16,-4.93,8.35E-07,8.43E-05
RUBCNL,78.95,0.84,0.17,4.92,8.71E-07,8.66E-05
PPP1R1C,166.77,-0.95,0.19,-4.92,8.83E-07,8.74E-05
HSPA2,2565.50,-0.70,0.14,-4.91,9.07E-07,8.94E-05
ADIPOQ,115.91,-0.84,0.17,-4.89,9.91E-07,9.62E-05
CDH12,127.63,-0.79,0.16,-4.88,1.04E-06,9.89E-05
IL37,154.89,0.73,0.15,4.88,1.04E-06,9.89E-05
RPL9P16,119.64,-0.70,0.14,-4.88,1.07E-06,1.01E-04
MMP19,241.94,0.65,0.13,4.88,1.08E-06,1.01E-04
TSSK1B,76.39,-0.83,0.17,-4.88,1.08E-06,1.01E-04
ALOX5,167.45,0.59,0.12,4.87,1.13E-06,1.05E-04
SEZ6L,252.75,-0.63,0.13,-4.86,1.15E-06,1.06E-04
IGLV3-21,11.75,2.78,0.57,4.86,1.17E-06,1.08E-04
NPPC,52.11,-1.39,0.29,-4.85,1.22E-06,1.11E-04
TBX18,310.16,-0.74,0.15,-4.83,1.37E-06,1.21E-04
PFKFB4,685.07,0.71,0.15,4.82,1.45E-06,1.28E-04
PRKCB,184.77,0.94,0.20,4.81,1.49E-06,1.29E-04
EFNA5,2568.60,-0.63,0.13,-4.81,1.52E-06,1.29E-04
AL033519.2,33.44,1.27,0.27,4.81,1.54E-06,1.30E-04
TBC1D2,502.06,0.52,0.11,4.80,1.56E-06,1.31E-04
STXBP6,242.44,0.70,0.15,4.80,1.58E-06,1.32E-04
ATP8A2,352.31,-0.80,0.17,-4.79,1.64E-06,1.35E-04
SYTL5,139.96,-0.78,0.16,-4.78,1.75E-06,1.43E-04
TPSAB1,169.47,0.79,0.17,4.78,1.77E-06,1.44E-04
EGLN3,2053.98,0.57,0.12,4.77,1.80E-06,1.46E-04
GAS1,1280.41,-0.63,0.13,-4.75,2.01E-06,1.57E-04
FUT3,162.09,0.71,0.15,4.75,2.03E-06,1.58E-04
AZGP1P1,265.15,0.64,0.14,4.72,2.37E-06,1.80E-04
GASK1B,1124.77,-0.55,0.12,-4.71,2.49E-06,1.88E-04
CA9,88.86,0.94,0.20,4.66,3.14E-06,2.30E-04
OXGR1,113.90,-0.93,0.20,-4.66,3.16E-06,2.30E-04
LCE2C,375.52,1.40,0.30,4.65,3.29E-06,2.38E-04
ZFP36L1,8596.55,-0.53,0.11,-4.65,3.32E-06,2.40E-04
LCE6A,635.67,0.56,0.12,4.65,3.34E-06,2.40E-04
IKZF1,145.37,0.96,0.21,4.62,3.81E-06,2.66E-04
RBBP8NL,163.64,-0.72,0.16,-4.62,3.83E-06,2.66E-04
COL17A1,1462.46,0.52,0.11,4.61,4.00E-06,2.75E-04
C1QTNF3,156.16,-0.50,0.11,-4.60,4.14E-06,2.82E-04
RUNX1T1,319.28,-0.53,0.11,-4.60,4.15E-06,2.82E-04
CBLN2,927.11,-1.14,0.25,-4.58,4.66E-06,3.15E-04
PARM1,4080.73,-0.61,0.13,-4.57,4.95E-06,3.32E-04
CRISPLD2,1508.14,0.61,0.13,4.56,5.14E-06,3.43E-04
HBB,397.39,2.31,0.51,4.56,5.18E-06,3.43E-04
TNS4,7235.50,0.54,0.12,4.56,5.15E-06,3.43E-04
PLIN1,107.89,-0.56,0.12,-4.55,5.47E-06,3.58E-04
NPY1R,251.79,-0.65,0.14,-4.53,5.98E-06,3.81E-04
LOX,487.84,0.66,0.15,4.52,6.10E-06,3.85E-04
LCE1F,100.27,1.06,0.23,4.52,6.28E-06,3.94E-04
ARPP21,53.72,-1.32,0.29,-4.51,6.41E-06,4.01E-04
HOXC9,60.91,-1.15,0.25,-4.51,6.50E-06,4.04E-04
HSPA12B,93.56,-0.60,0.13,-4.50,6.92E-06,4.22E-04
ATF3,876.12,-1.72,0.38,-4.49,7.06E-06,4.30E-04
HBA2,396.18,2.34,0.52,4.49,7.20E-06,4.32E-04
PIK3R5,101.27,0.77,0.17,4.49,7.21E-06,4.32E-04
BTBD8,152.92,-0.60,0.13,-4.48,7.43E-06,4.44E-04
AKAP12,486.06,0.60,0.13,4.47,7.67E-06,4.56E-04
BTC,598.10,-0.67,0.15,-4.46,8.01E-06,4.71E-04
SLC26A5,121.66,-0.72,0.16,-4.46,8.17E-06,4.78E-04
APLNR,113.39,-0.95,0.21,-4.45,8.42E-06,4.90E-04
FCGR2A,260.18,0.59,0.13,4.45,8.56E-06,4.94E-04
STMN2,46.07,1.04,0.23,4.45,8.62E-06,4.94E-04
ERRFI1,1481.01,0.70,0.16,4.45,8.78E-06,5.01E-04
KLF9,960.62,0.75,0.17,4.44,8.95E-06,5.07E-04
MT1E,289.04,0.91,0.21,4.43,9.35E-06,5.26E-04
CCR7,42.48,1.11,0.25,4.43,9.38E-06,5.26E-04
CD163,345.56,0.71,0.16,4.42,9.81E-06,5.42E-04
KCNH5,96.62,-0.54,0.12,-4.42,1.00E-05,5.49E-04
KCNH8,166.69,-0.57,0.13,-4.41,1.05E-05,5.71E-04
PDK4,1345.20,0.74,0.17,4.40,1.07E-05,5.73E-04
RIMS2,735.89,-0.59,0.13,-4.40,1.06E-05,5.73E-04
ODF3L1,25.17,-1.16,0.27,-4.38,1.16E-05,6.05E-04
PTGS2,283.09,-0.92,0.21,-4.39,1.15E-05,6.05E-04
RFLNA,37.45,-0.87,0.20,-4.39,1.16E-05,6.05E-04
ICAM1,231.99,0.50,0.11,4.38,1.19E-05,6.16E-04
SLC35F3,139.57,-0.65,0.15,-4.38,1.20E-05,6.19E-04
MT1X,2105.38,1.06,0.24,4.37,1.22E-05,6.24E-04
TCAF2P1,34.43,0.91,0.21,4.37,1.22E-05,6.24E-04
CHST2,2178.93,-0.67,0.16,-4.34,1.43E-05,7.16E-04
HOXC4,64.05,-0.86,0.20,-4.32,1.54E-05,7.57E-04
HILPDA,896.51,0.65,0.15,4.32,1.57E-05,7.70E-04
ADPRHL1,127.34,0.85,0.20,4.32,1.58E-05,7.76E-04
ADM,443.79,0.67,0.16,4.31,1.62E-05,7.89E-04
UNC5A,88.67,-1.06,0.25,-4.29,1.77E-05,8.54E-04
SAMSN1,76.41,0.86,0.20,4.29,1.78E-05,8.56E-04
NMNAT1P1,15.59,-1.42,0.33,-4.29,1.80E-05,8.64E-04
HPGD,822.12,0.65,0.15,4.28,1.89E-05,9.01E-04
FOS,5195.93,-2.17,0.51,-4.27,1.92E-05,9.09E-04
IGHA1,75.67,1.54,0.36,4.27,1.94E-05,9.13E-04
MEOX2,101.22,-0.87,0.20,-4.26,2.08E-05,9.68E-04
CCN4,122.59,0.70,0.16,4.25,2.15E-05,9.98E-04
AL928654.3,45.33,-1.25,0.30,-4.24,2.22E-05,1.02E-03
ANKRD33B,1045.04,0.51,0.12,4.22,2.40E-05,1.09E-03
ZNF727,51.21,-0.83,0.20,-4.21,2.55E-05,1.14E-03
NRXN1,289.27,-0.55,0.13,-4.19,2.76E-05,1.22E-03
VTCN1,449.44,-0.56,0.13,-4.19,2.77E-05,1.22E-03
TNFSF8,28.58,1.05,0.25,4.19,2.82E-05,1.24E-03
DDIT3,153.44,0.57,0.14,4.18,2.93E-05,1.27E-03
TBX2,111.63,-0.61,0.14,-4.18,2.93E-05,1.27E-03
FAM153B,102.19,0.69,0.16,4.17,3.10E-05,1.33E-03
COL6A4P2,118.60,-0.73,0.17,-4.16,3.14E-05,1.34E-03
S100A1,275.65,-0.58,0.14,-4.15,3.33E-05,1.40E-03
AC027644.4,60.21,0.68,0.16,4.14,3.41E-05,1.43E-03
HOXC6,110.16,-0.83,0.20,-4.14,3.42E-05,1.43E-03
COL5A3,1439.51,-0.57,0.14,-4.14,3.45E-05,1.44E-03
WFDC5,574.01,0.56,0.14,4.14,3.53E-05,1.46E-03
HCLS1,212.67,0.70,0.17,4.13,3.67E-05,1.50E-03
RPL21P109,26.99,-1.30,0.31,-4.13,3.70E-05,1.50E-03
GYPC,106.58,0.64,0.16,4.12,3.78E-05,1.52E-03
NDNF,62.20,-0.57,0.14,-4.11,3.90E-05,1.54E-03
DNAH17,2384.30,0.59,0.14,4.11,3.94E-05,1.55E-03
ARHGAP9,87.32,0.58,0.14,4.11,4.03E-05,1.57E-03
FOSB,3650.39,-2.37,0.58,-4.10,4.13E-05,1.59E-03
CPA3,204.48,0.64,0.16,4.10,4.19E-05,1.60E-03
FOLH1,125.28,-0.63,0.15,-4.09,4.23E-05,1.62E-03
SMIM3,56.61,0.96,0.23,4.09,4.38E-05,1.66E-03
FAM89A,215.47,0.62,0.15,4.08,4.48E-05,1.69E-03
GPAT3,100.00,0.59,0.15,4.07,4.72E-05,1.77E-03
TUBB1,45.83,0.61,0.15,4.06,4.86E-05,1.80E-03
CRHR1,46.82,-0.93,0.23,-4.05,5.04E-05,1.85E-03
SDC4P,21.64,1.25,0.31,4.05,5.18E-05,1.89E-03
HAL,1386.46,0.85,0.21,4.05,5.22E-05,1.90E-03
CCR1,32.04,0.80,0.20,4.05,5.23E-05,1.90E-03
IL18RAP,13.03,1.57,0.39,4.03,5.59E-05,2.02E-03
AL441963.1,59.13,-0.58,0.14,-4.02,5.78E-05,2.07E-03
IGKV1D-39,22.63,1.75,0.44,4.02,5.93E-05,2.10E-03
ALKAL2,50.36,0.88,0.22,4.01,6.03E-05,2.14E-03
IFI30,254.97,0.56,0.14,4.00,6.47E-05,2.27E-03
IQCN,491.97,-0.52,0.13,-3.99,6.49E-05,2.27E-03
ATP5MC1P6,95.20,-0.69,0.17,-3.99,6.52E-05,2.28E-03
PAX1,55.10,0.79,0.20,3.99,6.52E-05,2.28E-03
USP2,1031.24,0.54,0.14,3.99,6.55E-05,2.28E-03
ATRNL1,199.92,0.71,0.18,3.98,6.77E-05,2.34E-03
LOR,1454.07,0.53,0.13,3.97,7.05E-05,2.43E-03
AL136982.5,45.87,0.76,0.19,3.97,7.11E-05,2.44E-03
HOXC5,31.71,-1.14,0.29,-3.97,7.10E-05,2.44E-03
GADD45B,479.67,0.64,0.16,3.96,7.41E-05,2.51E-03
NR2F2,314.08,-0.51,0.13,-3.96,7.46E-05,2.52E-03
BNC2,2993.63,-0.61,0.15,-3.95,7.90E-05,2.65E-03
ADAMTS9,887.76,0.52,0.13,3.94,8.02E-05,2.69E-03
DUSP1,5144.64,-1.26,0.32,-3.94,8.20E-05,2.73E-03
TMEM132A,809.08,-0.56,0.14,-3.94,8.27E-05,2.74E-03
LGR5,1840.49,-0.84,0.21,-3.93,8.42E-05,2.78E-03
IL7R,455.40,1.04,0.27,3.92,8.98E-05,2.92E-03
HSPA6,73.01,0.63,0.16,3.91,9.05E-05,2.93E-03
RIPOR3,386.54,0.51,0.13,3.91,9.31E-05,3.00E-03
IGHG4,38.04,1.94,0.50,3.90,9.57E-05,3.07E-03
TUBB2BP1,26.47,-1.50,0.38,-3.89,9.89E-05,3.15E-03
ZBTB16,1704.41,0.89,0.23,3.89,1.00E-04,3.19E-03
TRPM5,72.37,-0.84,0.21,-3.89,1.01E-04,3.19E-03
AC011473.4,262.38,1.31,0.34,3.89,1.02E-04,3.21E-03
SLITRK5,208.11,-0.59,0.15,-3.89,1.02E-04,3.22E-03
SEMA3A,98.63,0.61,0.16,3.88,1.02E-04,3.22E-03
HBA1,301.42,2.14,0.55,3.88,1.04E-04,3.26E-03
LCP2,154.40,0.80,0.21,3.88,1.04E-04,3.26E-03
SOX17,40.25,-0.81,0.21,-3.88,1.05E-04,3.28E-03
BATF,21.67,1.57,0.41,3.87,1.11E-04,3.41E-03
COL9A2,462.90,-0.57,0.15,-3.87,1.11E-04,3.41E-03
TNFRSF6B,33.75,1.43,0.37,3.86,1.12E-04,3.45E-03
RIBC2,32.34,-0.70,0.18,-3.86,1.16E-04,3.51E-03
FRG2HP,404.58,-0.58,0.15,-3.84,1.21E-04,3.66E-03
CSRNP3,376.80,-0.52,0.14,-3.84,1.22E-04,3.67E-03
SLAMF1,41.65,1.31,0.34,3.84,1.24E-04,3.71E-03
SLC39A14,998.86,0.57,0.15,3.82,1.31E-04,3.89E-03
BTLA,40.80,0.67,0.17,3.82,1.35E-04,3.96E-03
CTSH,1407.89,0.52,0.14,3.81,1.38E-04,4.04E-03
SCN2B,84.59,-0.54,0.14,-3.81,1.40E-04,4.07E-03
MRC2,5706.42,-0.54,0.14,-3.79,1.51E-04,4.28E-03
WFDC21P,204.19,0.58,0.15,3.78,1.58E-04,4.46E-03
PCSK1,262.23,-0.52,0.14,-3.77,1.62E-04,4.53E-03
ZKSCAN7,105.13,-0.56,0.15,-3.77,1.64E-04,4.58E-03
SH3RF3,243.86,0.50,0.13,3.76,1.70E-04,4.71E-03
SLC46A2,233.00,0.54,0.14,3.76,1.70E-04,4.71E-03
SHQ1P1,82.13,-0.56,0.15,-3.76,1.73E-04,4.77E-03
CST7,60.11,0.71,0.19,3.75,1.75E-04,4.80E-03
SERPINB12,667.07,0.60,0.16,3.75,1.75E-04,4.80E-03
PSG7,139.72,0.64,0.17,3.75,1.79E-04,4.89E-03
FKBP5,3992.41,0.91,0.24,3.75,1.80E-04,4.91E-03
EGR2,1611.17,-0.53,0.14,-3.74,1.87E-04,5.04E-03
P3H2,548.53,0.54,0.15,3.74,1.88E-04,5.04E-03
CD164L2,80.12,0.62,0.17,3.73,1.88E-04,5.05E-03
ADRB2,297.16,0.61,0.16,3.73,1.91E-04,5.09E-03
GAS2,85.93,-0.65,0.17,-3.73,1.91E-04,5.09E-03
L1TD1,46.51,-0.69,0.19,-3.73,1.95E-04,5.17E-03
PGLYRP2,16.52,1.01,0.27,3.73,1.95E-04,5.17E-03
FGR,117.34,0.54,0.14,3.72,1.98E-04,5.22E-03
HINT2P1,19.41,-1.09,0.29,-3.72,2.01E-04,5.27E-03
IGKC,370.70,1.47,0.40,3.68,2.29E-04,5.80E-03
KCNJ18,85.43,0.67,0.18,3.67,2.45E-04,6.11E-03
YOD1,2428.71,0.53,0.14,3.67,2.45E-04,6.12E-03
SASH3,63.21,0.75,0.21,3.67,2.47E-04,6.15E-03
SLC41A1,1184.11,0.52,0.14,3.66,2.48E-04,6.17E-03
CYTIP,133.20,0.70,0.19,3.66,2.57E-04,6.29E-03
STC1,177.81,0.84,0.23,3.65,2.57E-04,6.30E-03
LCT,20.31,0.99,0.27,3.65,2.60E-04,6.35E-03
PHF2P2,36.94,0.89,0.24,3.65,2.61E-04,6.35E-03
OLFM4,24.71,-1.55,0.43,-3.65,2.62E-04,6.39E-03
ADAMTS15,2198.27,-0.50,0.14,-3.65,2.67E-04,6.49E-03
SIK1,701.73,-0.98,0.27,-3.64,2.70E-04,6.52E-03
DAB1,90.43,-0.57,0.16,-3.64,2.75E-04,6.62E-03
TMEM163,88.15,-0.58,0.16,-3.62,2.94E-04,6.93E-03
JUN,3433.62,-0.71,0.20,-3.62,2.95E-04,6.94E-03
IGHG3,22.47,1.69,0.47,3.62,2.96E-04,6.94E-03
CHRNA9,127.86,0.63,0.17,3.62,3.00E-04,7.01E-03
TENT5C,392.32,0.50,0.14,3.61,3.01E-04,7.02E-03
SLC7A4,161.24,-0.63,0.17,-3.61,3.10E-04,7.19E-03
IGKV4-1,17.92,1.62,0.45,3.60,3.14E-04,7.24E-03
WIF1,75.56,-0.79,0.22,-3.59,3.24E-04,7.42E-03
TGM4,27.74,0.86,0.24,3.58,3.39E-04,7.66E-03
SPOCK2,167.61,0.69,0.19,3.58,3.43E-04,7.70E-03
PSPC1P1,12.05,-1.21,0.34,-3.58,3.45E-04,7.72E-03
KITLG,512.32,-0.52,0.14,-3.58,3.49E-04,7.81E-03
SIX1,11.12,1.68,0.47,3.56,3.69E-04,8.12E-03
TMEM107,257.29,-0.52,0.15,-3.56,3.70E-04,8.12E-03
JAK3,185.28,0.62,0.17,3.56,3.77E-04,8.25E-03
CHRNA3,68.80,0.50,0.14,3.55,3.79E-04,8.28E-03
C2orf72,38.51,-0.79,0.22,-3.55,3.90E-04,8.45E-03
AL355922.2,36.76,-0.68,0.19,-3.55,3.93E-04,8.48E-03
CXCR4,187.36,0.66,0.19,3.54,3.93E-04,8.48E-03
SERPINE1,329.37,0.67,0.19,3.54,3.99E-04,8.59E-03
IGHG1,357.12,1.63,0.46,3.53,4.23E-04,8.93E-03
THEMIS2,171.38,0.53,0.15,3.53,4.23E-04,8.93E-03
TMC5,340.92,0.55,0.16,3.52,4.27E-04,8.95E-03
FAM218A,82.91,-0.59,0.17,-3.52,4.30E-04,9.00E-03
ROPN1,89.23,-0.57,0.16,-3.51,4.47E-04,9.28E-03
SLAMF8,46.60,0.88,0.25,3.51,4.50E-04,9.31E-03
RPSAP75,18.16,-1.07,0.31,-3.51,4.53E-04,9.35E-03
UCN2,117.09,-0.50,0.14,-3.50,4.65E-04,9.52E-03
AL049757.1,17.66,0.85,0.24,3.50,4.66E-04,9.52E-03
SLC16A9,256.75,-0.58,0.17,-3.50,4.67E-04,9.53E-03
LCE3D,712.51,0.62,0.18,3.49,4.81E-04,9.73E-03
AMN,89.92,0.57,0.16,3.49,4.83E-04,9.77E-03
AC012254.2,18.81,2.15,0.62,3.48,4.94E-04,9.93E-03
MPZ,67.19,-0.55,0.16,-3.48,5.04E-04,1.01E-02
KRT16P3,59.90,-0.83,0.24,-3.47,5.21E-04,1.03E-02
AC007376.1,16.63,-0.89,0.26,-3.46,5.42E-04,1.06E-02
EGR1,3568.68,-0.85,0.25,-3.45,5.61E-04,1.09E-02
COL9A3,114.82,-0.66,0.19,-3.45,5.66E-04,1.09E-02
IGLC1,22.14,1.94,0.56,3.45,5.67E-04,1.10E-02
RBMY2AP,23.40,1.11,0.32,3.44,5.82E-04,1.12E-02
C1QB,85.75,0.59,0.17,3.42,6.22E-04,1.17E-02
GRIA2,100.29,-0.55,0.16,-3.41,6.56E-04,1.21E-02
RBMY2CP,24.69,1.00,0.30,3.40,6.70E-04,1.23E-02
RBMY2DP,24.69,1.00,0.30,3.40,6.70E-04,1.23E-02
AC063952.1,41.36,0.66,0.19,3.40,6.72E-04,1.23E-02
SPRR5,294.07,0.75,0.22,3.40,6.71E-04,1.23E-02
PNLDC1,487.37,0.62,0.18,3.40,6.76E-04,1.24E-02
MOGAT1,348.60,0.61,0.18,3.39,6.89E-04,1.25E-02
TNFRSF12A,374.19,0.59,0.17,3.39,6.96E-04,1.26E-02
CTAGE6,30.91,1.00,0.30,3.38,7.23E-04,1.30E-02
PTCH2,624.61,-0.60,0.18,-3.37,7.58E-04,1.34E-02
MT2A,1386.97,1.12,0.33,3.36,7.69E-04,1.36E-02
SERPINA9,181.05,0.61,0.18,3.36,7.88E-04,1.38E-02
SYNPO2,1701.17,0.54,0.16,3.36,7.92E-04,1.39E-02
NLRP10,175.27,0.54,0.16,3.35,8.12E-04,1.42E-02
ABCG4,49.51,0.90,0.27,3.34,8.40E-04,1.45E-02
RASSF9,817.44,-0.51,0.15,-3.34,8.50E-04,1.46E-02
CD163L1,84.49,0.63,0.19,3.33,8.54E-04,1.47E-02
NRARP,581.83,-0.53,0.16,-3.33,8.59E-04,1.47E-02
RHCE,25.81,0.69,0.21,3.33,8.67E-04,1.49E-02
TSPAN8,120.75,-0.58,0.17,-3.32,8.88E-04,1.50E-02
GADD45A,261.73,0.57,0.17,3.32,8.90E-04,1.50E-02
ADGRB1,2719.64,-0.68,0.21,-3.32,9.00E-04,1.52E-02
PPP1R3C,403.76,-0.63,0.19,-3.32,9.01E-04,1.52E-02
MMP23B,48.88,0.57,0.17,3.32,9.10E-04,1.53E-02
KBTBD11,99.64,0.54,0.16,3.31,9.47E-04,1.58E-02
CCN5,108.28,0.56,0.17,3.31,9.50E-04,1.58E-02
RPSAP58,113.31,0.52,0.16,3.29,1.00E-03,1.63E-02
NAP1L2,57.67,-0.74,0.23,-3.28,1.04E-03,1.68E-02
KLF2,334.71,-0.72,0.22,-3.27,1.09E-03,1.73E-02
CNFN,1260.06,0.51,0.16,3.27,1.09E-03,1.73E-02
IGHV1-69D,12.53,1.34,0.41,3.26,1.12E-03,1.76E-02
SEC14L4,388.42,0.52,0.16,3.26,1.11E-03,1.76E-02
C1QC,112.49,0.51,0.16,3.25,1.14E-03,1.79E-02
HOXB4,21.46,-0.88,0.27,-3.25,1.17E-03,1.81E-02
CAMK4,117.16,0.52,0.16,3.24,1.17E-03,1.82E-02
IGHEP1,15.52,1.42,0.44,3.24,1.18E-03,1.82E-02
FMO6P,28.41,-0.70,0.21,-3.24,1.18E-03,1.83E-02
ELOVL5,6439.46,0.52,0.16,3.24,1.18E-03,1.83E-02
STON1-GTF2A1L,43.37,-1.01,0.31,-3.24,1.19E-03,1.84E-02
AGAP7P,16.05,1.01,0.31,3.24,1.20E-03,1.85E-02
RTL1,43.27,1.02,0.32,3.23,1.22E-03,1.87E-02
ELFN1,140.70,-0.54,0.17,-3.23,1.24E-03,1.89E-02
CCL19,159.14,0.86,0.27,3.22,1.27E-03,1.92E-02
MS4A1,32.75,2.52,0.78,3.22,1.28E-03,1.92E-02
SERPINF2,86.21,0.68,0.21,3.22,1.27E-03,1.92E-02
HCST,16.62,1.01,0.31,3.22,1.29E-03,1.94E-02
KLK8,425.20,0.52,0.16,3.21,1.33E-03,1.98E-02
DKK1,22.56,1.26,0.39,3.20,1.36E-03,2.01E-02
RHBDL1,49.26,-0.51,0.16,-3.20,1.40E-03,2.03E-02
PWWP3B,116.40,-0.64,0.20,-3.19,1.45E-03,2.07E-02
POMC,134.60,-0.57,0.18,-3.18,1.45E-03,2.08E-02
RPL35AP31,57.51,-0.73,0.23,-3.18,1.47E-03,2.09E-02
IGFBP3,1441.27,0.51,0.16,3.17,1.55E-03,2.17E-02
NOTCH1,417.45,-0.54,0.17,-3.16,1.56E-03,2.18E-02
ZNF177,54.30,-0.83,0.26,-3.16,1.57E-03,2.19E-02
IGLC2,98.34,1.84,0.58,3.16,1.57E-03,2.19E-02
MTCYBP44,84.33,-0.55,0.17,-3.15,1.63E-03,2.26E-02
AC025030.1,26.73,-0.67,0.21,-3.15,1.65E-03,2.27E-02
SLC22A13,20.94,0.76,0.24,3.14,1.71E-03,2.33E-02
CD7,16.79,1.11,0.36,3.14,1.71E-03,2.33E-02
MTATP6P11,21.04,1.05,0.33,3.13,1.73E-03,2.34E-02
CLDN17,23.72,-1.11,0.35,-3.13,1.77E-03,2.38E-02
C11orf42,24.64,0.70,0.22,3.12,1.80E-03,2.41E-02
AC010724.1,13.19,0.99,0.32,3.12,1.81E-03,2.43E-02
CCN2,1728.26,0.81,0.26,3.11,1.89E-03,2.50E-02
ASIP,21.29,0.78,0.25,3.10,1.90E-03,2.51E-02
PIRT,176.02,-0.70,0.23,-3.10,1.93E-03,2.53E-02
AP002373.2,29.17,0.88,0.29,3.10,1.94E-03,2.54E-02
PGF,210.32,0.59,0.19,3.10,1.94E-03,2.54E-02
PKD1L3,33.74,0.57,0.18,3.08,2.05E-03,2.64E-02
IRF8,92.55,0.58,0.19,3.08,2.07E-03,2.65E-02
AC137800.2,19.31,0.96,0.31,3.08,2.10E-03,2.69E-02
ERFE,15.05,1.06,0.35,3.07,2.14E-03,2.72E-02
CYP4F2,580.10,0.59,0.19,3.06,2.19E-03,2.75E-02
FAM90A1,24.00,-0.62,0.20,-3.06,2.19E-03,2.75E-02
CD48,48.35,0.93,0.30,3.06,2.21E-03,2.76E-02
MALRD1,96.12,-0.56,0.18,-3.06,2.22E-03,2.77E-02
SLITRK6,209.76,-0.76,0.25,-3.06,2.23E-03,2.77E-02
KRT16,38646.90,-0.69,0.23,-3.05,2.31E-03,2.85E-02
KRT6C,3503.59,-0.82,0.27,-3.04,2.34E-03,2.87E-02
IGLL5,14.53,1.89,0.63,3.02,2.49E-03,3.01E-02
CCDC105,15.20,-0.98,0.32,-3.02,2.52E-03,3.03E-02
NKAIN3,41.89,-0.63,0.21,-3.02,2.56E-03,3.06E-02
RRAD,59.37,0.76,0.25,3.02,2.56E-03,3.06E-02
ST13P15,18.81,-0.81,0.27,-3.01,2.62E-03,3.10E-02
IGLC3,24.64,1.73,0.58,3.01,2.64E-03,3.12E-02
NPBWR1,104.28,-0.68,0.23,-3.00,2.68E-03,3.16E-02
CCM2L,36.66,-0.52,0.17,-3.00,2.69E-03,3.16E-02
CES1,43.13,0.60,0.20,3.00,2.72E-03,3.19E-02
RBMS1P1,36.38,0.64,0.21,2.99,2.76E-03,3.22E-02
KDELC1P1,52.85,-0.64,0.21,-2.99,2.77E-03,3.22E-02
NANOGP2,16.67,0.74,0.25,2.98,2.84E-03,3.28E-02
STS,253.13,0.54,0.18,2.98,2.89E-03,3.33E-02
IGLV2-14,13.89,2.40,0.81,2.98,2.89E-03,3.33E-02
CD72,58.08,0.52,0.17,2.98,2.92E-03,3.35E-02
SERPINB3,2681.72,0.82,0.28,2.97,2.94E-03,3.37E-02
WDFY4,283.73,0.64,0.22,2.97,2.95E-03,3.38E-02
COL4A4,88.35,0.56,0.19,2.97,3.01E-03,3.42E-02
CDHR5,151.30,-0.61,0.21,-2.97,3.02E-03,3.43E-02
FCGR3B,31.26,0.95,0.32,2.96,3.09E-03,3.49E-02
AC098582.1,83.34,0.52,0.18,2.95,3.21E-03,3.58E-02
HEATR9,19.02,0.91,0.31,2.94,3.23E-03,3.59E-02
AP000295.1,36.06,1.30,0.44,2.93,3.35E-03,3.69E-02
CRLF2,16.63,0.89,0.30,2.93,3.42E-03,3.73E-02
KRT8P31,38.15,0.53,0.18,2.92,3.55E-03,3.84E-02
ALPK2,60.11,0.74,0.26,2.90,3.70E-03,3.94E-02
UNC5D,69.59,-0.65,0.23,-2.90,3.77E-03,4.00E-02
SLC27A2,184.44,0.51,0.17,2.90,3.78E-03,4.00E-02
MYO3A,42.27,-0.94,0.32,-2.89,3.86E-03,4.06E-02
GDA,454.55,0.51,0.18,2.89,3.87E-03,4.06E-02
STC2,33.92,0.75,0.26,2.89,3.89E-03,4.07E-02
REC114,49.12,0.51,0.18,2.89,3.91E-03,4.08E-02
IGHM,12.67,1.39,0.48,2.87,4.07E-03,4.21E-02
FPR1,56.05,0.54,0.19,2.87,4.10E-03,4.23E-02
BMP5,29.86,-0.67,0.23,-2.87,4.11E-03,4.23E-02
CARMIL2,35.37,0.77,0.27,2.87,4.12E-03,4.23E-02
PCDHB2,91.87,-0.51,0.18,-2.87,4.14E-03,4.25E-02
PEG3,471.83,-0.53,0.18,-2.87,4.14E-03,4.25E-02
VWCE,29.20,0.56,0.20,2.85,4.33E-03,4.39E-02
GPR151,15.31,0.76,0.27,2.85,4.34E-03,4.39E-02
RALYL,22.15,-0.79,0.28,-2.85,4.41E-03,4.44E-02
IGKV3-15,12.18,1.44,0.51,2.84,4.55E-03,4.53E-02
SNURF,44.53,-0.57,0.20,-2.84,4.57E-03,4.55E-02
IL4I1,25.42,0.84,0.30,2.82,4.75E-03,4.68E-02
GPR171,24.53,0.71,0.25,2.82,4.78E-03,4.69E-02
THEMIS,40.16,0.84,0.30,2.82,4.82E-03,4.72E-02
CDA,247.71,0.51,0.18,2.81,4.93E-03,4.80E-02
AC093270.1,23.72,-0.86,0.30,-2.81,4.95E-03,4.81E-02
FGF18,347.15,-0.84,0.30,-2.81,4.96E-03,4.81E-02
RPS19P3,15.62,0.76,0.27,2.81,4.97E-03,4.81E-02
PADI4,103.76,0.67,0.24,2.81,5.00E-03,4.84E-02
RPS4XP14,30.00,0.58,0.21,2.80,5.08E-03,4.89E-02
KCNU1,121.91,-0.56,0.20,-2.80,5.12E-03,4.91E-02
NAGS,47.44,0.56,0.20,2.80,5.15E-03,4.92E-02
SLURP1,403.62,0.55,0.20,2.80,5.16E-03,4.93E-02
C8orf74,99.71,0.51,0.18,2.79,5.21E-03,4.98E-02
